{"schemaVersion":16,"addons":[{"id":"{972ce4c6-7e08-4474-a285-3208198ce6fd}","syncGUID":"{ad2c2b9c-8eea-4fc3-a681-ba4f77340809}","location":"app-global","version":"28.2.1","type":"theme","internalName":"classic/1.0","updateURL":null,"updateKey":null,"optionsURL":null,"optionsType":null,"aboutURL":null,"iconURL":null,"icon64URL":null,"defaultLocale":{"name":"Default","description":"The default theme.","creator":"Moonchild Productions","homepageURL":null,"contributors":["Mozilla Contributors"]},"visible":true,"active":true,"userDisabled":false,"appDisabled":false,"descriptor":"/usr/lib/palemoon/browser/extensions/{972ce4c6-7e08-4474-a285-3208198ce6fd}.xpi","installDate":1542458409000,"updateDate":1542458409000,"applyBackgroundUpdates":1,"skinnable":true,"size":3638,"sourceURI":null,"releaseNotesURI":null,"softDisabled":false,"foreignInstall":false,"hasBinaryComponents":false,"strictCompatibility":true,"locales":[],"targetApplications":[{"id":"{8de7fcbb-c55c-4fbe-bfc5-fc555c87dbc4}","minVersion":"28.2.1","maxVersion":"28.2.1"}],"targetPlatforms":[]}]}