{"schema":5,"addons":[{"id":"adnauseam@rednoise.org","icons":{"32":"https://addons.cdn.mozilla.net/user-media/addon_icons/585/585454-32.png?modified=1524766824","64":"https://addons.cdn.mozilla.net/user-media/addon_icons/585/585454-64.png?modified=1524766824"},"name":"AdNauseam","version":"3.6.205","sourceURI":"https://addons.mozilla.org/firefox/downloads/file/938581/adnauseam-3.6.205-an+fx.xpi?src=","size":2722725,"homepageURL":"https://adnauseam.io","supportURL":"https://adnauseam.io","description":"Fight back against advertising surveillance","fullDescription":"AdNauseam is a browser extension designed to obfuscate browsing data and protect users from tracking by advertising networks. Like an ad-blocker, AdNauseam blocks malware and hides ads on the pages you visit. But AdNauseam does more, collecting each ad in its AdVault for you to interactively explore. AdNauseam can also be configured to automatically click each blocked ad in the background, polluting your data profile and frustrating the trackers who violate your privacy and facilitate bulk-surveillance agendas.","weeklyDownloads":3534,"type":"extension","creator":{"name":"Daniel Howe","url":"https://addons.mozilla.org/en-US/firefox/user/daniel-c-howe/"},"developers":[{"name":"SallyC","url":"https://addons.mozilla.org/en-US/firefox/user/cqx931/"}],"screenshots":[{"url":"https://addons.cdn.mozilla.net/user-media/previews/full/152/152878.png?modified=1530209198","width":646,"height":525,"thumbnailURL":"https://addons.cdn.mozilla.net/user-media/previews/thumbs/152/152878.png?modified=1530209198","thumbnailWidth":246,"thumbnailHeight":200,"caption":"AdNauseam's advault interface..."},{"url":"https://addons.cdn.mozilla.net/user-media/previews/full/153/153832.png?modified=1530209198","width":576,"height":525,"thumbnailURL":"https://addons.cdn.mozilla.net/user-media/previews/thumbs/153/153832.png?modified=1530209198","thumbnailWidth":219,"thumbnailHeight":200,"caption":"AdNauseam's menu interface"},{"url":"https://addons.cdn.mozilla.net/user-media/previews/full/153/153830.png?modified=1530209199","width":432,"height":429,"thumbnailURL":"https://addons.cdn.mozilla.net/user-media/previews/thumbs/153/153830.png?modified=1530209199","thumbnailWidth":201,"thumbnailHeight":200,"caption":"AdNauseam's logo"}],"contributionURL":"","averageRating":4.4957,"reviewCount":78,"reviewURL":"https://addons.mozilla.org/en-US/firefox/addon/adnauseam/reviews/","updateDate":1524764710000},{"id":"vim-vixen@i-beam.org","icons":{"32":"https://addons.cdn.mozilla.net/user-media/addon_icons/859/859695-32.png?modified=1530105623","64":"https://addons.cdn.mozilla.net/user-media/addon_icons/859/859695-64.png?modified=1530105623"},"name":"Vim Vixen","version":"0.15","sourceURI":"https://addons.mozilla.org/firefox/downloads/file/999613/vim_vixen-0.15-an+fx.xpi?src=","size":51262,"homepageURL":"https://github.com/ueokande/vim-vixen","supportURL":"https://github.com/ueokande/vim-vixen/issues/","description":"An add-on which allows you to navigate with vim-like bindings.","fullDescription":"Basic usage\n\n- h, j, k, l: scroll left, down, right, up, and right\n- j, k: scroll vertically\n- h, l: scroll horizontally\n- Ctrl+U, Ctrl+D: scroll pages by half of screen\n- Ctrl+B, Ctrl+F: scroll pages by a screen\n- 0, $: scroll a page to leftmost/rightmost\n- gg, G: scroll to top/bottom\n\n- gg, G: scroll to top and bottom\n- d: delete current tab\n- u: reopen close tab\n- K, J: select prev or next tab\n- r: reload current tab\n- zp: toggle pin/unpin current tab\n- zd: duplicate current tab\n\n- f: start following links in the page\n- H: go back in histories\n- L: go forward in histories\n- [[, ]]: find prev or next links and open it\n- gu: go to parent directory\n- gU: go to root directory\n\n- :: open console\n- o, t, w: open a page in current tab, new tab, or new window\n- O, T, W: similar to o, t, w, but that contains current URL\n- b: Select tabs by URL or title\n- zi, zo: zoom-in/zoom-out\n- zz: Set default zoom level\n- y: copy URL in current tab\n- Shift+Esc: enable or disable the add-on in current tab.","weeklyDownloads":929,"type":"extension","creator":{"name":"Shin'ya Ueoka","url":"https://addons.mozilla.org/en-US/firefox/user/ueokande/"},"developers":[],"screenshots":[{"url":"https://addons.cdn.mozilla.net/user-media/previews/full/189/189540.png?modified=1530209463","width":700,"height":525,"thumbnailURL":"https://addons.cdn.mozilla.net/user-media/previews/thumbs/189/189540.png?modified=1530209463","thumbnailWidth":267,"thumbnailHeight":200},{"url":"https://addons.cdn.mozilla.net/user-media/previews/full/189/189541.png?modified=1530209463","width":700,"height":525,"thumbnailURL":"https://addons.cdn.mozilla.net/user-media/previews/thumbs/189/189541.png?modified=1530209463","thumbnailWidth":267,"thumbnailHeight":200}],"contributionURL":"","averageRating":4.5872,"reviewCount":77,"reviewURL":"https://addons.mozilla.org/en-US/firefox/addon/vim-vixen/reviews/","updateDate":1530102008000}],"compatOverrides":[]}