{"schemaVersion":26,"addons":[{"id":"activity-stream@mozilla.org","syncGUID":"{ee385b3d-e527-4d1d-8d20-19e1d544fc6d}","location":"app-system-defaults","version":"2018.06.29.1026-fa231556","type":"extension","updateURL":null,"optionsURL":null,"optionsType":null,"aboutURL":null,"defaultLocale":{"name":"Activity Stream","description":"A rich visual history feed and a reimagined home page make it easier than ever to find exactly what you're looking for in Firefox.","creator":null,"homepageURL":null},"visible":true,"active":true,"userDisabled":false,"appDisabled":false,"installDate":1530826056000,"updateDate":1530826056000,"applyBackgroundUpdates":1,"bootstrap":true,"path":"/usr/lib/firefox/browser/features/activity-stream@mozilla.org.xpi","skinnable":false,"size":2732416,"sourceURI":null,"releaseNotesURI":null,"softDisabled":false,"foreignInstall":false,"strictCompatibility":false,"locales":[],"targetApplications":[{"id":"{ec8030f7-c20a-464f-9b0e-13a3a9e97384}","minVersion":"61.0.1","maxVersion":"61.*"}],"targetPlatforms":[],"seen":true,"dependencies":[],"hasEmbeddedWebExtension":false,"userPermissions":null,"icons":{},"iconURL":null,"icon64URL":null,"blocklistState":0,"blocklistURL":null,"startupData":null},{"id":"aushelper@mozilla.org","syncGUID":"{90ad046a-c431-41d4-b56b-af2be1a194ee}","location":"app-system-defaults","version":"2.0","type":"extension","updateURL":null,"optionsURL":null,"optionsType":null,"aboutURL":null,"defaultLocale":{"name":"Application Update Service Helper","description":"Sets value(s) in the update url based on custom checks.","creator":null,"homepageURL":null},"visible":true,"active":true,"userDisabled":false,"appDisabled":false,"installDate":1530826056000,"updateDate":1530826056000,"applyBackgroundUpdates":1,"bootstrap":true,"path":"/usr/lib/firefox/browser/features/aushelper@mozilla.org.xpi","skinnable":false,"size":8425,"sourceURI":null,"releaseNotesURI":null,"softDisabled":false,"foreignInstall":false,"strictCompatibility":false,"locales":[],"targetApplications":[{"id":"{ec8030f7-c20a-464f-9b0e-13a3a9e97384}","minVersion":"61.0.1","maxVersion":"61.*"}],"targetPlatforms":[],"seen":true,"dependencies":[],"hasEmbeddedWebExtension":false,"userPermissions":null,"icons":{},"iconURL":null,"icon64URL":null,"blocklistState":0,"blocklistURL":null,"startupData":null},{"id":"firefox@getpocket.com","syncGUID":"{867d31ee-e42d-4736-8928-f84896a854ca}","location":"app-system-defaults","version":"1.0.5","type":"extension","updateURL":null,"optionsURL":null,"optionsType":null,"aboutURL":null,"defaultLocale":{"name":"Pocket","description":"When you find something you want to view later, put it in Pocket.","creator":null,"homepageURL":null},"visible":true,"active":true,"userDisabled":false,"appDisabled":false,"installDate":1530826056000,"updateDate":1530826056000,"applyBackgroundUpdates":1,"bootstrap":true,"path":"/usr/lib/firefox/browser/features/firefox@getpocket.com.xpi","skinnable":false,"size":855820,"sourceURI":null,"releaseNotesURI":null,"softDisabled":false,"foreignInstall":false,"strictCompatibility":false,"locales":[],"targetApplications":[{"id":"{ec8030f7-c20a-464f-9b0e-13a3a9e97384}","minVersion":"61.0.1","maxVersion":"61.*"}],"targetPlatforms":[],"seen":true,"dependencies":[],"hasEmbeddedWebExtension":false,"userPermissions":null,"icons":{},"iconURL":null,"icon64URL":null,"blocklistState":0,"blocklistURL":null,"startupData":null},{"id":"followonsearch@mozilla.com","syncGUID":"{943e90c9-197d-4b09-b169-3021e4212177}","location":"app-system-defaults","version":"0.9.7","type":"extension","updateURL":null,"optionsURL":null,"optionsType":null,"aboutURL":null,"defaultLocale":{"name":"Follow-on Search Telemetry","description":null,"creator":null,"homepageURL":null},"visible":true,"active":true,"userDisabled":false,"appDisabled":false,"installDate":1530826056000,"updateDate":1530826056000,"applyBackgroundUpdates":1,"bootstrap":true,"path":"/usr/lib/firefox/browser/features/followonsearch@mozilla.com.xpi","skinnable":false,"size":17903,"sourceURI":null,"releaseNotesURI":null,"softDisabled":false,"foreignInstall":false,"strictCompatibility":false,"locales":[],"targetApplications":[{"id":"{ec8030f7-c20a-464f-9b0e-13a3a9e97384}","minVersion":"52.0","maxVersion":"66.*"}],"targetPlatforms":[],"seen":true,"dependencies":[],"hasEmbeddedWebExtension":false,"userPermissions":null,"icons":{},"iconURL":null,"icon64URL":null,"blocklistState":0,"blocklistURL":null,"startupData":null},{"id":"formautofill@mozilla.org","syncGUID":"{47364282-dd62-4973-b94c-be4af87a46e7}","location":"app-system-defaults","version":"1.0","type":"extension","updateURL":null,"optionsURL":null,"optionsType":null,"aboutURL":null,"defaultLocale":{"name":"Form Autofill","description":"Autofill forms with saved profiles","creator":null,"homepageURL":null},"visible":true,"active":true,"userDisabled":false,"appDisabled":false,"installDate":1530826056000,"updateDate":1530826056000,"applyBackgroundUpdates":1,"bootstrap":true,"path":"/usr/lib/firefox/browser/features/formautofill@mozilla.org.xpi","skinnable":false,"size":465058,"sourceURI":null,"releaseNotesURI":null,"softDisabled":false,"foreignInstall":false,"strictCompatibility":false,"locales":[],"targetApplications":[{"id":"{ec8030f7-c20a-464f-9b0e-13a3a9e97384}","minVersion":"61.0.1","maxVersion":"61.*"}],"targetPlatforms":[],"seen":true,"dependencies":[],"hasEmbeddedWebExtension":false,"userPermissions":null,"icons":{},"iconURL":null,"icon64URL":null,"blocklistState":0,"blocklistURL":null,"startupData":null},{"id":"onboarding@mozilla.org","syncGUID":"{4ddf31cc-a6e6-4ed7-b685-c98da9248fcb}","location":"app-system-defaults","version":"1.0","type":"extension","updateURL":null,"optionsURL":null,"optionsType":null,"aboutURL":null,"defaultLocale":{"name":"Photon onboarding","description":"Photon onboarding","creator":null,"homepageURL":null},"visible":true,"active":true,"userDisabled":false,"appDisabled":false,"installDate":1530826056000,"updateDate":1530826056000,"applyBackgroundUpdates":1,"bootstrap":true,"path":"/usr/lib/firefox/browser/features/onboarding@mozilla.org.xpi","skinnable":false,"size":564181,"sourceURI":null,"releaseNotesURI":null,"softDisabled":false,"foreignInstall":false,"strictCompatibility":false,"locales":[],"targetApplications":[{"id":"{ec8030f7-c20a-464f-9b0e-13a3a9e97384}","minVersion":"61.0.1","maxVersion":"61.*"}],"targetPlatforms":[],"seen":true,"dependencies":[],"hasEmbeddedWebExtension":false,"userPermissions":null,"icons":{},"iconURL":null,"icon64URL":null,"blocklistState":0,"blocklistURL":null,"startupData":null},{"id":"screenshots@mozilla.org","syncGUID":"{9b305092-976a-4193-ad9a-41ba2e81354d}","location":"app-system-defaults","version":"32.1.0","type":"extension","updateURL":null,"optionsURL":null,"optionsType":null,"aboutURL":null,"defaultLocale":{"name":"Firefox Screenshots","description":null,"creator":null,"homepageURL":"https://screenshots.firefox.com/"},"visible":true,"active":true,"userDisabled":false,"appDisabled":false,"installDate":1530826056000,"updateDate":1530826056000,"applyBackgroundUpdates":1,"bootstrap":true,"path":"/usr/lib/firefox/browser/features/screenshots@mozilla.org.xpi","skinnable":false,"size":1002421,"sourceURI":null,"releaseNotesURI":null,"softDisabled":false,"foreignInstall":false,"strictCompatibility":false,"locales":[],"targetApplications":[{"id":"{ec8030f7-c20a-464f-9b0e-13a3a9e97384}","minVersion":"57.0a1","maxVersion":"*"}],"targetPlatforms":[],"seen":true,"dependencies":[],"hasEmbeddedWebExtension":false,"userPermissions":null,"icons":{},"iconURL":null,"icon64URL":null,"blocklistState":0,"blocklistURL":null,"startupData":null},{"id":"webcompat-reporter@mozilla.org","syncGUID":"{c9c2f2dd-02cc-4174-8e4b-7557cc8e1883}","location":"app-system-defaults","version":"1.0.0","type":"extension","updateURL":null,"optionsURL":null,"optionsType":null,"aboutURL":null,"defaultLocale":{"name":"WebCompat Reporter","description":"Report site compatibility issues on webcompat.com.","creator":null,"homepageURL":null},"visible":true,"active":true,"userDisabled":false,"appDisabled":false,"installDate":1530826056000,"updateDate":1530826056000,"applyBackgroundUpdates":1,"bootstrap":true,"path":"/usr/lib/firefox/browser/features/webcompat-reporter@mozilla.org.xpi","skinnable":false,"size":12711,"sourceURI":null,"releaseNotesURI":null,"softDisabled":false,"foreignInstall":false,"strictCompatibility":false,"locales":[],"targetApplications":[{"id":"{ec8030f7-c20a-464f-9b0e-13a3a9e97384}","minVersion":"61.0.1","maxVersion":"61.*"}],"targetPlatforms":[],"seen":true,"dependencies":[],"hasEmbeddedWebExtension":false,"userPermissions":null,"icons":{},"iconURL":null,"icon64URL":null,"blocklistState":0,"blocklistURL":null,"startupData":null},{"id":"webcompat@mozilla.org","syncGUID":"{ce5ad69a-c1b8-4b0a-bf0f-4829192e19d6}","location":"app-system-defaults","version":"2.0","type":"extension","updateURL":null,"optionsURL":null,"optionsType":null,"aboutURL":null,"defaultLocale":{"name":"Web Compat","description":"Urgent post-release fixes for web compatibility.","creator":null,"homepageURL":null},"visible":true,"active":true,"userDisabled":false,"appDisabled":false,"installDate":1530826056000,"updateDate":1530826056000,"applyBackgroundUpdates":1,"bootstrap":true,"path":"/usr/lib/firefox/browser/features/webcompat@mozilla.org.xpi","skinnable":false,"size":13138,"sourceURI":null,"releaseNotesURI":null,"softDisabled":false,"foreignInstall":false,"strictCompatibility":false,"locales":[],"targetApplications":[{"id":"{ec8030f7-c20a-464f-9b0e-13a3a9e97384}","minVersion":"61.0.1","maxVersion":"61.*"},{"id":"{aa3c5121-dab2-40e2-81ca-7ea25febc110}","minVersion":"61.0.1","maxVersion":"61.*"}],"targetPlatforms":[],"seen":true,"dependencies":[],"hasEmbeddedWebExtension":true,"userPermissions":null,"icons":{},"iconURL":null,"icon64URL":null,"blocklistState":0,"blocklistURL":null,"startupData":null},{"id":"adnauseam@rednoise.org","syncGUID":"{4ea5f810-567d-4533-a4cc-f12be6c62f19}","location":"app-profile","version":"3.6.205","type":"webextension","updateURL":null,"optionsURL":"options.html","optionsType":3,"optionsBrowserStyle":true,"aboutURL":null,"defaultLocale":{"name":"AdNauseam","description":"Fight back against advertising surveillance","creator":"Daniel C. Howe","developers":null,"translators":null,"contributors":null},"visible":true,"active":true,"userDisabled":false,"appDisabled":false,"installDate":1533313758000,"updateDate":1533313758000,"applyBackgroundUpdates":1,"bootstrap":true,"path":"/home/luke/.mozilla/firefox/3kidxing.default/extensions/adnauseam@rednoise.org.xpi","skinnable":false,"size":8303233,"sourceURI":"https://addons.mozilla.org/firefox/downloads/file/938581/adnauseam-3.6.205-an+fx.xpi?src=dp-btn-primary","releaseNotesURI":null,"softDisabled":false,"foreignInstall":false,"strictCompatibility":true,"locales":[{"name":"AdNauseam","description":"Fight back against advertising surveillance","creator":"Daniel C. Howe","developers":null,"translators":null,"contributors":null,"locales":["en"]},{"name":"AdNauseam","description":"Lute contra a vigilância publicitária","creator":"Daniel C. Howe","developers":null,"translators":null,"contributors":null,"locales":["pt-PT"]},{"name":"AdNauseam","description":"Combattez contre la surveillance publicitaire","creator":"Daniel C. Howe","developers":null,"translators":null,"contributors":null,"locales":["fr"]},{"name":"AdNauseam","description":"Difenditi dal controllo pubblicitario","creator":"Daniel C. Howe","developers":null,"translators":null,"contributors":null,"locales":["it"]},{"name":"AdNauseam","description":"Wehren Sie sich gegen Werbungs Überwachung","creator":"Daniel C. Howe","developers":null,"translators":null,"contributors":null,"locales":["de"]},{"name":"AdNauseam","description":"Bojovať proti sledovaniu reklamami","creator":"Daniel C. Howe","developers":null,"translators":null,"contributors":null,"locales":["sk"]},{"name":"AdNauseam","description":"一款被设计为对抗来自广告网络追踪的扩展","creator":"Daniel C. Howe","developers":null,"translators":null,"contributors":null,"locales":["zh-CN"]},{"name":"AdNauseam","description":"Противодействие рекламному шпионажу","creator":"Daniel C. Howe","developers":null,"translators":null,"contributors":null,"locales":["ru"]},{"name":"AdNauseam","description":"Combata la vigilancia publicitaria","creator":"Daniel C. Howe","developers":null,"translators":null,"contributors":null,"locales":["es"]},{"name":"AdNauseam","description":"Lute contra a vigilância publicitária","creator":"Daniel C. Howe","developers":null,"translators":null,"contributors":null,"locales":["pt-BR"]},{"name":"AdNauseam","description":"一款被設計為對抗來自廣告網絡追蹤的擴展","creator":"Daniel C. Howe","developers":null,"translators":null,"contributors":null,"locales":["zh-TW"]}],"targetApplications":[{"id":"toolkit@mozilla.org","minVersion":"54.0","maxVersion":null}],"targetPlatforms":[],"signedState":2,"seen":true,"dependencies":[],"hasEmbeddedWebExtension":false,"userPermissions":{"permissions":["contextMenus","storage","tabs","webNavigation","webRequest","webRequestBlocking","management","downloads"],"origins":["<all_urls>","http://*/*","https://*/*"]},"icons":{"48":"img/icon-48.png","96":"img/icon-96.png"},"iconURL":null,"icon64URL":null,"blocklistState":0,"blocklistURL":null,"startupData":null},{"id":"vim-vixen@i-beam.org","syncGUID":"{60109ae3-c88f-4f03-9607-a3eb92f9cfd2}","location":"app-profile","version":"0.15","type":"webextension","updateURL":null,"optionsURL":"build/settings.html","optionsType":5,"optionsBrowserStyle":true,"aboutURL":null,"defaultLocale":{"name":"Vim Vixen","description":"Vim Vixen","creator":null,"developers":null,"translators":null,"contributors":null},"visible":true,"active":true,"userDisabled":false,"appDisabled":false,"installDate":1533313847000,"updateDate":1533313847000,"applyBackgroundUpdates":1,"bootstrap":true,"path":"/home/luke/.mozilla/firefox/3kidxing.default/extensions/vim-vixen@i-beam.org.xpi","skinnable":false,"size":130671,"sourceURI":"https://addons.mozilla.org/firefox/downloads/file/999613/vim_vixen-0.15-an+fx.xpi?src=dp-btn-primary","releaseNotesURI":null,"softDisabled":false,"foreignInstall":false,"strictCompatibility":true,"locales":[],"targetApplications":[{"id":"toolkit@mozilla.org","minVersion":null,"maxVersion":null}],"targetPlatforms":[],"signedState":2,"seen":true,"dependencies":[],"hasEmbeddedWebExtension":false,"userPermissions":{"permissions":["history","sessions","storage","tabs","clipboardRead","notifications","bookmarks"],"origins":["<all_urls>"]},"icons":{"48":"resources/icon_48x48.png","96":"resources/icon_96x96.png"},"iconURL":null,"icon64URL":null,"blocklistState":0,"blocklistURL":null,"startupData":null}]}