{"chrome://browser/content/browser.xul":{"main-window":{"screenX":"807","screenY":"51","width":"760","height":"816","sizemode":"normal"},"toolbar-menubar":{"currentset":"menubar-items"},"TabsToolbar":{"currentset":"tabbrowser-tabs,new-tab-button,alltabs-button"},"nav-bar":{"currentset":"back-button,forward-button,urlbar-container,downloads-button,adnauseam_rednoise_org-browser-action,vim-vixen_i-beam_org-browser-action"},"PersonalToolbar":{"currentset":"personal-bookmarks"},"sidebar-title":{"value":""}},"about:config":{"prefCol":{"ordinal":"1"},"lockCol":{"ordinal":"3"},"typeCol":{"ordinal":"5"},"valueCol":{"ordinal":"7","sortDirection":"ascending"}},"chrome://browser/content/sanitize.xul":{"detailsExpander":{"class":"expander-up"},"itemList":{"collapsed":"false"}}}